resi	pos	count	mean_fit
D808	808	19	-0.11041682955982669
P809	809	19	0.3815746724836706
S810	810	19	0.39105917729340084
K811	811	19	0.09040352730128727
P812	812	19	0.2220345130852098
S813	813	19	0.49967702658399477
K814	814	19	0.33079719623059606
R815	815	19	-0.050236999138702006
S816	816	19	-0.09399845916853615
F817	817	19	0.03636331215179217
I818	818	19	-0.14514213303700652
E819	819	19	-0.13480366640471572
D820	820	19	-0.16155386093413512
L821	821	19	-0.06985016921482815
L822	822	19	-0.04085716935809911
F823	823	19	-0.09263974415845803
N824	824	19	-0.14914128720867267
K825	825	19	-0.057968541983945764
V826	826	19	-0.05381957734698049
T827	827	19	0.192495433817243
L828	828	19	-0.040447691129416805
A829	829	19	0.20345449197876944
D830	830	19	-0.14352945407005424
A831	831	19	0.0694664465011261
G832	832	19	-0.18143464258179232
F833	833	19	-0.11285545705385139
I834	834	19	0.5000321095614141
K835	835	19	0.3016276273379017
Q836	836	19	0.45515858135881243
Y837	837	19	0.10641113077101423
G838	838	19	0.10438416538006816
D839	839	19	0.4622954961420208
C840	840	19	-0.19758565785509807
L841	841	19	0.3714040789446241
G842	842	19	0.26307429240059854
D843	843	19	0.0045917150083970475
I844	844	19	0.44569972360823884
A845	845	19	0.36660114490591433
A846	846	19	0.0985906134007609
R847	847	19	0.090618274421575
D848	848	19	-0.24740991727371736
L849	849	19	0.19038394640620124
I850	850	19	0.5082377007066108
C851	851	19	-0.15728748513218702
A852	852	19	0.4227928616255152
Q853	853	19	0.7090550083125972
K854	854	19	0.2214371953077091
F855	855	19	0.19235850839971474
